caption,image_file
picture of oliver,981.png
picture of oliver,950.png
picture of oliver,978.png
picture of oliver,953.png
picture of oliver,934.png
picture of oliver,908.png
picture of oliver,909.png
picture of oliver,923.png
picture of oliver,922.png
picture of oliver,936.png
picture of oliver,932.png
picture of oliver,927.png
picture of oliver,925.png
picture of oliver,930.png
picture of oliver,901.png
picture of oliver,915.png
picture of oliver,916.png
picture of oliver,917.png
picture of oliver,899.png
picture of oliver,904.png
picture of oliver,910.png
picture of oliver,905.png
picture of oliver,961.png
picture of oliver,949.png
picture of oliver,960.png
picture of oliver,958.png
picture of oliver,959.png
