caption,image_file
picture of maddy,215.png
picture of maddy,201.png
picture of maddy,229.png
picture of maddy,212.png
picture of maddy,205.png
picture of maddy,239.png
picture of maddy,210.png
picture of maddy,204.png
picture of maddy,289.png
picture of maddy,248.png
picture of maddy,271.png
picture of maddy,259.png
picture of maddy,266.png
picture of maddy,272.png
picture of maddy,299.png
picture of maddy,273.png
picture of maddy,269.png
picture of maddy,287.png
picture of maddy,286.png
picture of maddy,251.png
picture of maddy,290.png
picture of maddy,236.png
picture of maddy,222.png
picture of maddy,223.png
picture of maddy,227.png
picture of maddy,230.png
picture of maddy,231.png
picture of bella,834.png
picture of bella,819.png
picture of bella,832.png
picture of bella,843.png
picture of bella,856.png
picture of bella,881.png
picture of bella,853.png
picture of bella,890.png
picture of bella,850.png
picture of bella,887.png
picture of bella,875.png
picture of bella,849.png
picture of bella,889.png
picture of bella,876.png
picture of bella,872.png
picture of bella,865.png
picture of bella,871.png
picture of bella,859.png
picture of bella,816.png
picture of bella,803.png
picture of bella,815.png
picture of bella,828.png
picture of bella,800.png
picture of bella,794.png
picture of bella,795.png
picture of bella,807.png
picture of bella,797.png
picture of bella,812.png
picture of grace,604.png
picture of grace,607.png
picture of grace,612.png
picture of grace,603.png
picture of grace,659.png
picture of grace,660.png
picture of grace,662.png
picture of grace,689.png
picture of grace,663.png
picture of grace,677.png
picture of grace,646.png
picture of grace,691.png
picture of grace,685.png
picture of grace,692.png
picture of grace,687.png
picture of grace,650.png
picture of grace,644.png
picture of grace,640.png
picture of grace,669.png
picture of grace,655.png
picture of grace,681.png
picture of grace,625.png
picture of grace,630.png
picture of grace,618.png
picture of grace,632.png
picture of grace,596.png
picture of grace,597.png
picture of grace,634.png
picture of grace,608.png
picture of grace,594.png
picture of grace,621.png
picture of tina,573.png
picture of tina,571.png
picture of tina,570.png
picture of tina,561.png
picture of tina,576.png
picture of tina,539.png
picture of tina,504.png
picture of tina,506.png
picture of tina,498.png
picture of tina,503.png
picture of tina,502.png
picture of tina,516.png
picture of tina,524.png
picture of tina,530.png
picture of tina,494.png
picture of tina,535.png
picture of tina,553.png
picture of tina,591.png
picture of tina,586.png
picture of tina,551.png
picture of tina,569.png
picture of tina,568.png
picture of tina,556.png
picture of tina,581.png
picture of tina,580.png
picture of tina,557.png
picture of freddy,770.png
picture of freddy,771.png
picture of freddy,765.png
picture of freddy,749.png
picture of freddy,698.png
picture of freddy,707.png
picture of freddy,712.png
picture of freddy,706.png
picture of freddy,710.png
picture of freddy,715.png
picture of freddy,733.png
picture of freddy,725.png
picture of freddy,724.png
picture of freddy,734.png
picture of freddy,720.png
picture of freddy,708.png
picture of freddy,735.png
picture of freddy,723.png
picture of freddy,751.png
picture of freddy,786.png
picture of freddy,787.png
picture of freddy,747.png
picture of freddy,753.png
picture of freddy,756.png
picture of freddy,782.png
picture of freddy,755.png
picture of freddy,741.png
picture of henry,412.png
picture of henry,407.png
picture of henry,411.png
picture of henry,398.png
picture of henry,415.png
picture of henry,401.png
picture of henry,402.png
picture of henry,459.png
picture of henry,464.png
picture of henry,470.png
picture of henry,472.png
picture of henry,489.png
picture of henry,448.png
picture of henry,461.png
picture of henry,450.png
picture of henry,487.png
picture of henry,453.png
picture of henry,446.png
picture of henry,480.png
picture of henry,443.png
picture of henry,455.png
picture of henry,441.png
picture of henry,482.png
picture of henry,440.png
picture of henry,432.png
picture of henry,425.png
picture of henry,436.png
picture of henry,437.png
picture of walter,374.png
picture of walter,360.png
picture of walter,361.png
picture of walter,389.png
picture of walter,372.png
picture of walter,373.png
picture of walter,367.png
picture of walter,303.png
picture of walter,302.png
picture of walter,316.png
picture of walter,328.png
picture of walter,300.png
picture of walter,315.png
picture of walter,305.png
picture of walter,304.png
picture of walter,312.png
picture of walter,306.png
picture of walter,313.png
picture of walter,336.png
picture of walter,322.png
picture of walter,309.png
picture of walter,335.png
picture of walter,308.png
picture of walter,327.png
picture of walter,341.png
picture of walter,383.png
picture of walter,354.png
picture of walter,368.png
picture of walter,342.png
picture of walter,356.png
picture of walter,381.png
picture of walter,380.png
picture of walter,384.png
picture of walter,390.png
picture of walter,385.png
picture of walter,352.png
picture of walter,386.png
picture of walter,392.png
picture of paula,161.png
picture of paula,174.png
picture of paula,148.png
picture of paula,164.png
picture of paula,171.png
picture of paula,114.png
picture of paula,128.png
picture of paula,113.png
picture of paula,112.png
picture of paula,106.png
picture of paula,139.png
picture of paula,135.png
picture of paula,137.png
picture of paula,125.png
picture of paula,124.png
picture of paula,157.png
picture of paula,142.png
picture of paula,156.png
picture of paula,168.png
picture of paula,154.png
picture of paula,197.png
picture of paula,182.png
picture of paula,192.png
picture of paula,193.png
picture of paula,178.png
picture of paula,146.png
picture of paula,185.png
picture of paula,147.png
picture of oliver,981.png
picture of oliver,950.png
picture of oliver,978.png
picture of oliver,953.png
picture of oliver,934.png
picture of oliver,908.png
picture of oliver,909.png
picture of oliver,923.png
picture of oliver,922.png
picture of oliver,936.png
picture of oliver,932.png
picture of oliver,927.png
picture of oliver,925.png
picture of oliver,930.png
picture of oliver,901.png
picture of oliver,915.png
picture of oliver,916.png
picture of oliver,917.png
picture of oliver,899.png
picture of oliver,904.png
picture of oliver,910.png
picture of oliver,905.png
picture of oliver,961.png
picture of oliver,949.png
picture of oliver,960.png
picture of oliver,958.png
picture of oliver,959.png
