caption,image_file
picture of paula,161.png
picture of paula,174.png
picture of paula,148.png
picture of paula,164.png
picture of paula,171.png
picture of paula,114.png
picture of paula,128.png
picture of paula,113.png
picture of paula,112.png
picture of paula,106.png
picture of paula,139.png
picture of paula,135.png
picture of paula,137.png
picture of paula,125.png
picture of paula,124.png
picture of paula,157.png
picture of paula,142.png
picture of paula,156.png
picture of paula,168.png
picture of paula,154.png
picture of paula,197.png
picture of paula,182.png
picture of paula,192.png
picture of paula,193.png
picture of paula,178.png
picture of paula,146.png
picture of paula,185.png
picture of paula,147.png